<featureType>
  <id>FeatureTypeInfoImpl--3c6a5aa5:180f7ae2c72:-7ffc</id>
  <name>mapobjects</name>
  <nativeName>mapobjects</nativeName>
  <namespace>
    <id>NamespaceInfoImpl--570ae188:124761b8d78:-7ff4</id>
  </namespace>
  <title>mapobjects</title>
  <keywords>
    <string>features</string>
    <string>mapobjects</string>
  </keywords>
  <nativeCRS class="projected">PROJCS[&quot;WGS 84 / Pseudo-Mercator&quot;, 
  GEOGCS[&quot;WGS 84&quot;, 
    DATUM[&quot;World Geodetic System 1984&quot;, 
      SPHEROID[&quot;WGS 84&quot;, 6378137.0, 298.257223563, AUTHORITY[&quot;EPSG&quot;,&quot;7030&quot;]], 
      AUTHORITY[&quot;EPSG&quot;,&quot;6326&quot;]], 
    PRIMEM[&quot;Greenwich&quot;, 0.0, AUTHORITY[&quot;EPSG&quot;,&quot;8901&quot;]], 
    UNIT[&quot;degree&quot;, 0.017453292519943295], 
    AXIS[&quot;Geodetic longitude&quot;, EAST], 
    AXIS[&quot;Geodetic latitude&quot;, NORTH], 
    AUTHORITY[&quot;EPSG&quot;,&quot;4326&quot;]], 
  PROJECTION[&quot;Popular Visualisation Pseudo Mercator&quot;, AUTHORITY[&quot;EPSG&quot;,&quot;1024&quot;]], 
  PARAMETER[&quot;semi_minor&quot;, 6378137.0], 
  PARAMETER[&quot;latitude_of_origin&quot;, 0.0], 
  PARAMETER[&quot;central_meridian&quot;, 0.0], 
  PARAMETER[&quot;scale_factor&quot;, 1.0], 
  PARAMETER[&quot;false_easting&quot;, 0.0], 
  PARAMETER[&quot;false_northing&quot;, 0.0], 
  UNIT[&quot;m&quot;, 1.0], 
  AXIS[&quot;Easting&quot;, EAST], 
  AXIS[&quot;Northing&quot;, NORTH], 
  AUTHORITY[&quot;EPSG&quot;,&quot;3857&quot;]]</nativeCRS>
  <srs>EPSG:3857</srs>
  <nativeBoundingBox>
    <minx>39.0</minx>
    <maxx>41.0</maxx>
    <miny>59.0</miny>
    <maxy>61.0</maxy>
    <crs class="projected">EPSG:3857</crs>
  </nativeBoundingBox>
  <latLonBoundingBox>
    <minx>3.503429608066E-4</minx>
    <maxx>3.68309266489E-4</maxx>
    <miny>5.300060176186E-4</miny>
    <maxy>5.479723233006E-4</maxy>
    <crs>EPSG:4326</crs>
  </latLonBoundingBox>
  <projectionPolicy>FORCE_DECLARED</projectionPolicy>
  <enabled>true</enabled>
  <metadata>
    <entry key="JDBC_VIRTUAL_TABLE">
      <virtualTable>
        <name>mapobjects</name>
        <sql>select * from mapobjects where groupid = &apos;%gid%&apos;
</sql>
        <escapeSql>false</escapeSql>
        <geometry>
          <name>geom</name>
          <type>Geometry</type>
          <srid>3857</srid>
        </geometry>
        <parameter>
          <name>gid</name>
          <defaultValue>1</defaultValue>
          <regexpValidator>^[\w\d\s]+$</regexpValidator>
        </parameter>
      </virtualTable>
    </entry>
  </metadata>
  <store class="dataStore">
    <id>DataStoreInfoImpl--3c6a5aa5:180f7ae2c72:-7fff</id>
  </store>
  <serviceConfiguration>false</serviceConfiguration>
  <simpleConversionEnabled>false</simpleConversionEnabled>
  <internationalTitle/>
  <internationalAbstract/>
  <maxFeatures>0</maxFeatures>
  <numDecimals>0</numDecimals>
  <padWithZeros>false</padWithZeros>
  <forcedDecimal>false</forcedDecimal>
  <overridingServiceSRS>false</overridingServiceSRS>
  <skipNumberMatched>false</skipNumberMatched>
  <circularArcPresent>false</circularArcPresent>
</featureType>